# OCP data for Sony LFP positive electrode, mean
# sto,ocp
0.0,3.7993055
0.001001001001001001,3.691417347083447
0.002002002002002002,3.6315562084994086
0.003003003003003003,3.5871761894348895
0.004004004004004004,3.552756420602421
0.005005005005005005,3.5259182285873534
0.006006006006006006,3.5049834829779454
0.007007007007007007,3.4888978349206354
0.008008008008008008,3.476615011902812
0.009009009009009009,3.467148603767404
0.01001001001001001,3.459816557038857
0.011011011011011011,3.4543301164073164
0.012012012012012012,3.4500295764673763
0.013013013013013013,3.4465884200182324
0.014014014014014014,3.443717916613042
0.015015015015015015,3.4416130279654658
0.016016016016016016,3.4398805
0.017017017017017015,3.4386246068159068
0.018018018018018018,3.4376889999999998
0.01901901901901902,3.4368315000000003
0.02002002002002002,3.4362137314213568
0.02102102102102102,3.4356885
0.022022022022022022,3.4352115000000003
0.023023023023023025,3.43486866002366
0.024024024024024024,3.434670576469326
0.025025025025025023,3.4344851674531673
0.026026026026026026,3.434236858125983
0.02702702702702703,3.434068
0.028028028028028028,3.4338775
0.029029029029029027,3.433838826290576
0.03003003003003003,3.4336875
0.031031031031031032,3.4334965
0.03203203203203203,3.4334015
0.03303303303303303,3.4334674525954525
0.03403403403403403,3.433306
0.035035035035035036,3.4332105
0.036036036036036036,3.433115
0.037037037037037035,3.43302
0.03803803803803804,3.4329577524797523
0.03903903903903904,3.4328295
0.04004004004004004,3.4328295
0.04104104104104104,3.4327345
0.04204204204204204,3.4326457497318748
0.043043043043043044,3.4325435
0.044044044044044044,3.4326320148330147
0.04504504504504504,3.432544
0.04604604604604605,3.4324485
0.04704704704704705,3.4324212773309024
0.04804804804804805,3.4323535
0.04904904904904905,3.432258
0.050050050050050046,3.432163
0.05105105105105105,3.432163
0.05205205205205205,3.432163
0.05305305305305305,3.432163
0.05405405405405406,3.4320675
0.055055055055055056,3.4320675933969684
0.056056056056056056,3.431972
0.057057057057057055,3.431972
0.058058058058058054,3.431877
0.05905905905905906,3.431877
0.06006006006006006,3.4318509516838267
0.06106106106106106,3.431845860699986
0.062062062062062065,3.4317534283910534
0.06306306306306306,3.4317273212676964
0.06406406406406406,3.431690331055406
0.06506506506506507,3.431686
0.06606606606606606,3.431591
0.06706706706706707,3.431591
0.06806806806806806,3.4314292238130992
0.06906906906906907,3.4314718671707425
0.07007007007007007,3.4314955
0.07107107107107107,3.431413950861576
0.07207207207207207,3.431313359877735
0.07307307307307308,3.4314
0.07407407407407407,3.43138291005291
0.07507507507507508,3.43121
0.07607607607607608,3.431305
0.07707707707707707,3.4312460974701975
0.07807807807807808,3.4312095
0.07907907907907907,3.4312095
0.08008008008008008,3.4310804355784357
0.08108108108108109,3.4311074391891894
0.08208208208208208,3.4311145
0.08308308308308308,3.4310688373730875
0.08408408408408408,3.4310310085449087
0.08508508508508508,3.4309594806592307
0.08608608608608609,3.430924
0.08708708708708708,3.430940668811669
0.08808808808808809,3.430924
0.0890890890890891,3.430908883276133
0.09009009009009009,3.4309139742599744
0.09109109109109109,3.4307335
0.0920920920920921,3.430828340931841
0.09309309309309309,3.4306859087569714
0.0940940940940941,3.430678768107393
0.09509509509509509,3.430638
0.0960960960960961,3.430638
0.0970970970970971,3.430665307575433
0.0980980980980981,3.430638
0.0990990990990991,3.430638
0.10010010010010009,3.430638
0.1011011011011011,3.430638
0.1021021021021021,3.430543
0.1031031031031031,3.430543
0.1041041041041041,3.430543
0.10510510510510511,3.4306122724542725
0.1061061061061061,3.4304475
0.10710710710710711,3.4304937272987273
0.10810810810810811,3.4304475
0.1091091091091091,3.4304475
0.11011011011011011,3.4304475
0.1111111111111111,3.4304475
0.11211211211211211,3.4303524999999997
0.11311311311311312,3.4303524999999997
0.11411411411411411,3.4303524999999997
0.11511511511511512,3.4303524999999997
0.11611611611611611,3.430321043834744
0.11711711711711711,3.430315833005733
0.11811811811811812,3.430257
0.11911911911911911,3.430208588652289
0.12012012012012012,3.4301615
0.12112112112112113,3.4302190103103105
0.12212212212212212,3.430150378889279
0.12312312312312312,3.4301715445273193
0.12412412412412413,3.4300664999999997
0.12512512512512514,3.4300664999999997
0.12612612612612611,3.4300664999999997
0.12712712712712712,3.4300664999999997
0.12812812812812813,3.429971
0.12912912912912913,3.429971
0.13013013013013014,3.429971
0.13113113113113112,3.429971
0.13213213213213212,3.429898302156702
0.13313313313313313,3.429971
0.13413413413413414,3.4298755
0.13513513513513514,3.4298755
0.13613613613613612,3.429835327254527
0.13713713713713713,3.4298755
0.13813813813813813,3.4298755
0.13913913913913914,3.4297804999999997
0.14014014014014015,3.429719483938484
0.14114114114114115,3.429714273109473
0.14214214214214213,3.4295944622804626
0.14314314314314314,3.4295895
0.14414414414414414,3.4296778042588043
0.14514514514514515,3.4295895
0.14614614614614616,3.4296077607425604
0.14714714714714713,3.4295223905268903
0.14814814814814814,3.42955532010582
0.14914914914914915,3.4294944999999997
0.15015015015015015,3.4294944999999997
0.15115115115115116,3.4294944999999997
0.15215215215215216,3.4294944999999997
0.15315315315315314,3.4294944999999997
0.15415415415415415,3.429416514244114
0.15515515515515516,3.4294126215033214
0.15615615615615616,3.429351235092235
0.15715715715715717,3.429399
0.15815815815815815,3.4293410531245527
0.15915915915915915,3.429399
0.16016016016016016,3.429372128843129
0.16116116116116116,3.429255274192374
0.16216216216216217,3.4292085
0.16316316316316315,3.4292480014657514
0.16416416416416416,3.4292548246013874
0.16516516516516516,3.4292085
0.16616616616616617,3.4292085
0.16716716716716717,3.429179425106925
0.16816816816816815,3.4292085
0.16916916916916916,3.4291134999999997
0.17017017017017017,3.4291134999999997
0.17117117117117117,3.4291134999999997
0.17217217217217218,3.4291134999999997
0.17317317317317318,3.4291134999999997
0.17417417417417416,3.4291134999999997
0.17517517517517517,3.428966540549478
0.17617617617617617,3.4289924196428574
0.17717717717717718,3.429022015015015
0.1781781781781782,3.429018
0.17917917917917917,3.428946069435507
0.18018018018018017,3.428980112858313
0.18118118118118118,3.429004666121479
0.18218218218218218,3.4288357161000285
0.1831831831831832,3.4289224999999997
0.1841841841841842,3.4289109374553126
0.18518518518518517,3.428832275132275
0.18618618618618618,3.4288274999999997
0.1871871871871872,3.4288274999999997
0.1881881881881882,3.4288274999999997
0.1891891891891892,3.4288274999999997
0.19019019019019018,3.428798184586372
0.19119119119119118,3.428732
0.1921921921921922,3.4287340073437074
0.1931931931931932,3.428732
0.1941941941941942,3.428732
0.19519519519519518,3.428732
0.1961961961961962,3.4287012479752477
0.1971971971971972,3.428732
0.1981981981981982,3.428637
0.1991991991991992,3.428637
0.20020020020020018,3.428637
0.2012012012012012,3.428637
0.2022022022022022,3.428637
0.2032032032032032,3.428616298137423
0.2042042042042042,3.428637
0.20520520520520522,3.428602723312598
0.2062062062062062,3.4285612675061428
0.2072072072072072,3.4285889942669945
0.2082082082082082,3.428542
0.2092092092092092,3.428542
0.21021021021021022,3.428542
0.2112112112112112,3.4284464999999997
0.2122122122122122,3.4284980226118975
0.2132132132132132,3.428477196428571
0.21421421421421422,3.4284464999999997
0.21521521521521522,3.428440917217217
0.21621621621621623,3.4283633062258687
0.2172172172172172,3.428351
0.2182182182182182,3.428351
0.21921921921921922,3.428351
0.22022022022022023,3.428351
0.22122122122122123,3.4283488906178903
0.2222222222222222,3.428351
0.22322322322322322,3.4282324004368006
0.22422422422422422,3.428285814046189
0.22522522522522523,3.4282325090894465
0.22622622622622623,3.428188527118027
0.2272272272272272,3.4281604999999997
0.22822822822822822,3.4281604999999997
0.22922922922922923,3.4282040777595775
0.23023023023023023,3.4281604999999997
0.23123123123123124,3.4281604999999997
0.23223223223223222,3.4281604999999997
0.23323323323323322,3.4281604999999997
0.23423423423423423,3.4281604999999997
0.23523523523523523,3.4280654999999998
0.23623623623623624,3.4280654999999998
0.23723723723723725,3.4280654999999998
0.23823823823823823,3.4280654999999998
0.23923923923923923,3.4280654999999998
0.24024024024024024,3.4280654999999998
0.24124124124124124,3.4280654999999998
0.24224224224224225,3.4280607115297115
0.24324324324324323,3.42797
0.24424424424424424,3.4280654999999998
0.24524524524524524,3.42797
0.24624624624624625,3.42797
0.24724724724724725,3.42797
0.24824824824824826,3.42797
0.24924924924924924,3.42797
0.2502502502502503,3.427884113022113
0.25125125125125125,3.4277794999999998
0.25225225225225223,3.4278750000000002
0.25325325325325326,3.4277998966238963
0.25425425425425424,3.427774290909091
0.2552552552552553,3.427693974965875
0.25625625625625625,3.4277794999999998
0.25725725725725723,3.4277790612844985
0.25825825825825827,3.427684
0.25925925925925924,3.427684
0.2602602602602603,3.427684
0.26126126126126126,3.42765763963964
0.26226226226226224,3.427622271180271
0.26326326326326327,3.427589
0.26426426426426425,3.427589
0.2652652652652653,3.427589
0.26626626626626626,3.427589
0.26726726726726724,3.427589
0.2682682682682683,3.427589
0.26926926926926925,3.427589
0.2702702702702703,3.4275203248069497
0.27127127127127126,3.427587734661935
0.27227227227227224,3.4275724107500354
0.2732732732732733,3.4274088926835926
0.27427427427427425,3.4275826463070214
0.2752752752752753,3.427398
0.27627627627627627,3.427398
0.2772772772772773,3.427398
0.2782782782782783,3.427398
0.27927927927927926,3.427398
0.2802802802802803,3.427398
0.28128128128128127,3.427398
0.2822822822822823,3.427398
0.2832832832832833,3.427398
0.28428428428428426,3.427388075439075
0.2852852852852853,3.4272074999999997
0.2862862862862863,3.427263967807093
0.2872872872872873,3.427240941209066
0.2882882882882883,3.427235850225225
0.28928928928928926,3.4272074999999997
0.2902902902902903,3.4272074999999997
0.2912912912912913,3.4272074999999997
0.2922922922922923,3.4272074999999997
0.2932932932932933,3.4272074999999997
0.29429429429429427,3.4272074999999997
0.2952952952952953,3.4271448081263083
0.2962962962962963,3.4271378973063973
0.2972972972972973,3.4271125
0.2982982982982983,3.4271125
0.29929929929929927,3.4271125
0.3003003003003003,3.4271125
0.3013013013013013,3.4271125
0.3023023023023023,3.4271125
0.3033033033033033,3.4271125
0.30430430430430433,3.4271125
0.3053053053053053,3.4271125
0.3063063063063063,3.4270420627442375
0.3073073073073073,3.427017
0.3083083083083083,3.427053129455267
0.30930930930930933,3.427017
0.3103103103103103,3.4269214999999997
0.3113113113113113,3.4270141201826827
0.3123123123123123,3.4269214999999997
0.3133133133133133,3.4269214999999997
0.31431431431431434,3.4269214999999997
0.3153153153153153,3.4269214999999997
0.3163163163163163,3.4269214999999997
0.3173173173173173,3.4269214999999997
0.3183183183183183,3.4268524864328613
0.31931931931931934,3.4268264999999998
0.3203203203203203,3.4267769623714623
0.3213213213213213,3.4268222027514526
0.32232232232232233,3.4267706705341707
0.3233233233233233,3.4267315
0.32432432432432434,3.4267315
0.3253253253253253,3.4267315
0.3263263263263263,3.4267315
0.32732732732732733,3.4267315
0.3283283283283283,3.426728649202774
0.32932932932932935,3.4267315
0.3303303303303303,3.4267205082446086
0.3313313313313313,3.4266360000000002
0.33233233233233234,3.4267315
0.3333333333333333,3.4266166726190477
0.33433433433433435,3.4266360000000002
0.3353353353353353,3.4266058995540996
0.3363363363363363,3.4265404999999998
0.33733733733733734,3.4265404999999998
0.3383383383383383,3.4265404999999998
0.33933933933933935,3.4265404999999998
0.34034034034034033,3.4264237443726193
0.34134134134134136,3.4265404999999998
0.34234234234234234,3.4264172414736165
0.3433433433433433,3.4263528203203206
0.34434434434434436,3.4263505
0.34534534534534533,3.4263505
0.34634634634634637,3.4263505
0.34734734734734735,3.4263505
0.3483483483483483,3.4263505
0.34934934934934936,3.4263505
0.35035035035035034,3.4263505
0.35135135135135137,3.4262542885749387
0.35235235235235235,3.4261595
0.3533533533533533,3.4262248682682683
0.35435435435435436,3.4261595
0.35535535535535534,3.4261595
0.3563563563563564,3.4261595
0.35735735735735735,3.4261595
0.35835835835835833,3.4261595
0.35935935935935936,3.4261595
0.36036036036036034,3.4261595
0.3613613613613614,3.4261595
0.36236236236236236,3.4261595
0.36336336336336333,3.4261595
0.36436436436436437,3.4261595
0.36536536536536535,3.4261595
0.3663663663663664,3.4261595
0.36736736736736736,3.426151916662117
0.3683683683683684,3.426146705833106
0.36936936936936937,3.4261595
0.37037037037037035,3.426064
0.3713713713713714,3.426064
0.37237237237237236,3.426064
0.3733733733733734,3.426064
0.3743743743743744,3.426064
0.37537537537537535,3.4259684999999998
0.3763763763763764,3.426064
0.37737737737737737,3.426064
0.3783783783783784,3.4260143024570024
0.3793793793793794,3.42602124964965
0.38038038038038036,3.426004303157703
0.3813813813813814,3.4259684999999998
0.38238238238238237,3.4259684999999998
0.3833833833833834,3.4259684999999998
0.3843843843843844,3.4258735
0.38538538538538536,3.4259610605069355
0.3863863863863864,3.4259649303589303
0.38738738738738737,3.4258735
0.3883883883883884,3.4258735
0.3893893893893894,3.4258735
0.39039039039039036,3.4258735
0.3913913913913914,3.4258735
0.3923923923923924,3.4258735
0.3933933933933934,3.4258735
0.3943943943943944,3.425835151204776
0.39539539539539537,3.4258419386171886
0.3963963963963964,3.4257135662571665
0.3973973973973974,3.4257785
0.3983983983983984,3.4257583554008555
0.3993993993993994,3.4256830000000003
0.40040040040040037,3.4256830000000003
0.4014014014014014,3.4256830000000003
0.4024024024024024,3.4256830000000003
0.4034034034034034,3.4256830000000003
0.4044044044044044,3.4256830000000003
0.40540540540540543,3.4256830000000003
0.4064064064064064,3.4256830000000003
0.4074074074074074,3.4256830000000003
0.4084084084084084,3.4256830000000003
0.4094094094094094,3.4256830000000003
0.41041041041041043,3.425519085817961
0.4114114114114114,3.4256830000000003
0.4124124124124124,3.425617294658295
0.4134134134134134,3.4254925
0.4144144144144144,3.4254925
0.41541541541541543,3.4254925
0.4164164164164164,3.4254925
0.4174174174174174,3.425568175211575
0.4184184184184184,3.4254925
0.4194194194194194,3.4254925
0.42042042042042044,3.4254925
0.4214214214214214,3.4254925
0.4224224224224224,3.4254830847028845
0.42342342342342343,3.4254764296975546
0.4244244244244244,3.425471311919062
0.42542542542542544,3.4253970000000002
0.4264264264264264,3.4254284236379235
0.4274274274274274,3.4253970000000002
0.42842842842842843,3.4253970000000002
0.4294294294294294,3.4253970000000002
0.43043043043043044,3.4253970000000002
0.4314314314314314,3.4253970000000002
0.43243243243243246,3.4253720712530713
0.43343343343343343,3.4253020000000003
0.4344344344344344,3.4253020000000003
0.43543543543543545,3.425318520611521
0.4364364364364364,3.425258633240383
0.43743743743743746,3.4252070000000003
0.43843843843843844,3.4252070000000003
0.4394394394394394,3.4252070000000003
0.44044044044044045,3.4252070000000003
0.44144144144144143,3.4252070000000003
0.44244244244244246,3.4252070000000003
0.44344344344344344,3.4252070000000003
0.4444444444444444,3.4251767101010104
0.44544544544544545,3.4251470007280007
0.44644644644644643,3.4250881520793524
0.44744744744744747,3.425081204886705
0.44844844844844844,3.4250742576940576
0.4494494494494494,3.4250680995995997
0.45045045045045046,3.425061276463964
0.45145145145145144,3.4250160000000003
0.45245245245245247,3.4250482052871054
0.45345345345345345,3.424938485628486
0.4544544544544544,3.4249205
0.45545545545545546,3.4249205
0.45645645645645644,3.4249205
0.4574574574574575,3.4249205
0.45845845845845845,3.4249205
0.45945945945945943,3.4249058882063883
0.46046046046046046,3.4249205
0.46146146146146144,3.4249205
0.4624624624624625,3.4249205
0.46346346346346345,3.4248255
0.46446446446446443,3.4249205
0.46546546546546547,3.4248798494403494
0.46646646646646645,3.42488676026026
0.4674674674674675,3.4248255
0.46846846846846846,3.4248255
0.4694694694694695,3.4248255
0.47047047047047047,3.4248177755344633
0.47147147147147145,3.4247309013299017
0.4724724724724725,3.4248194705250707
0.47347347347347346,3.4248255
0.4744744744744745,3.4247300000000003
0.4754754754754755,3.4247300000000003
0.47647647647647645,3.4247300000000003
0.4774774774774775,3.424717314993565
0.47847847847847846,3.4246350000000003
0.4794794794794795,3.4246350000000003
0.4804804804804805,3.4246350000000003
0.48148148148148145,3.4246350000000003
0.4824824824824825,3.4246350000000003
0.48348348348348347,3.4246350000000003
0.4844844844844845,3.424625594076219
0.4854854854854855,3.4245395
0.48648648648648646,3.4246350000000003
0.4874874874874875,3.4245282353626356
0.48848848848848847,3.4245659526669527
0.4894894894894895,3.4246350000000003
0.4904904904904905,3.4245395
0.49149149149149146,3.4244440000000003
0.4924924924924925,3.4244440000000003
0.4934934934934935,3.4244440000000003
0.4944944944944945,3.4244440000000003
0.4954954954954955,3.4244440000000003
0.4964964964964965,3.4244440000000003
0.4974974974974975,3.4244440000000003
0.4984984984984985,3.4244440000000003
0.4994994994994995,3.424380383079508
0.5005005005005005,3.4243861372281374
0.5015015015015015,3.424401679224679
0.5025025025025025,3.4243964956774957
0.5035035035035035,3.4243490000000003
0.5045045045045045,3.4243490000000003
0.5055055055055055,3.4243490000000003
0.5065065065065065,3.4242963294203292
0.5075075075075075,3.4243490000000003
0.5085085085085085,3.424292848939849
0.5095095095095095,3.4243490000000003
0.5105105105105106,3.4242535
0.5115115115115115,3.4241585
0.5125125125125125,3.424171201987702
0.5135135135135135,3.4242475854247107
0.5145145145145145,3.4241585
0.5155155155155156,3.4241585
0.5165165165165165,3.4241729476619476
0.5175175175175175,3.4241585
0.5185185185185185,3.4241585
0.5195195195195195,3.4241585
0.5205205205205206,3.4241090492674493
0.5215215215215215,3.42410723990354
0.5225225225225225,3.4240630000000003
0.5235235235235235,3.4240630000000003
0.5245245245245245,3.4240630000000003
0.5255255255255256,3.4240630000000003
0.5265265265265265,3.4240630000000003
0.5275275275275275,3.423980676515802
0.5285285285285285,3.4239680000000003
0.5295295295295295,3.4240630000000003
0.5305305305305306,3.4239680000000003
0.5315315315315315,3.4239680000000003
0.5325325325325325,3.423926960469398
0.5335335335335335,3.4238403190463194
0.5345345345345345,3.4238581584259586
0.5355355355355356,3.4238725
0.5365365365365365,3.4238194774683777
0.5375375375375375,3.4237770000000003
0.5385385385385385,3.4238725
0.5395395395395395,3.423732111718862
0.5405405405405406,3.4236820000000003
0.5415415415415415,3.4236820000000003
0.5425425425425425,3.4236820000000003
0.5435435435435435,3.42377316234985
0.5445445445445445,3.4236820000000003
0.5455455455455456,3.4236820000000003
0.5465465465465466,3.4236820000000003
0.5475475475475475,3.4236820000000003
0.5485485485485485,3.4236820000000003
0.5495495495495496,3.4236820000000003
0.5505505505505506,3.4236820000000003
0.5515515515515516,3.4236820000000003
0.5525525525525525,3.4236820000000003
0.5535535535535535,3.4236820000000003
0.5545545545545546,3.4235865
0.5555555555555556,3.4235865
0.5565565565565566,3.4234915
0.5575575575575575,3.4235865
0.5585585585585585,3.4235865
0.5595595595595596,3.4235865
0.5605605605605606,3.4235865
0.5615615615615616,3.4234915
0.5625625625625625,3.4235865
0.5635635635635635,3.423475491759617
0.5645645645645646,3.423540838793339
0.5655655655655656,3.4233965
0.5665665665665666,3.4233965
0.5675675675675675,3.4233965
0.5685685685685685,3.4233965
0.5695695695695696,3.4233965
0.5705705705705706,3.4233965
0.5715715715715716,3.423326301547002
0.5725725725725725,3.4233659876239875
0.5735735735735735,3.4233965
0.5745745745745746,3.4233965
0.5755755755755756,3.4233010000000004
0.5765765765765766,3.4233010000000004
0.5775775775775776,3.4233010000000004
0.5785785785785785,3.4233010000000004
0.5795795795795796,3.4233010000000004
0.5805805805805806,3.4233010000000004
0.5815815815815816,3.4233010000000004
0.5825825825825826,3.4233010000000004
0.5835835835835835,3.423220113959414
0.5845845845845846,3.423207957675858
0.5855855855855856,3.4232055
0.5865865865865866,3.423116116411054
0.5875875875875876,3.4231925604533107
0.5885885885885885,3.4231100000000003
0.5895895895895896,3.4231100000000003
0.5905905905905906,3.4231100000000003
0.5915915915915916,3.42304884002184
0.5925925925925926,3.4230611744107744
0.5935935935935935,3.423015
0.5945945945945946,3.423015
0.5955955955955956,3.423015
0.5965965965965966,3.423015
0.5975975975975976,3.423015
0.5985985985985985,3.423015
0.5995995995995996,3.422993852888603
0.6006006006006006,3.4229195
0.6016016016016016,3.4229195
0.6026026026026026,3.4229195
0.6036036036036035,3.4229195
0.6046046046046046,3.4229195
0.6056056056056056,3.4229195
0.6066066066066066,3.422839365956866
0.6076076076076076,3.4228245
0.6086086086086087,3.4228245
0.6096096096096096,3.4228245
0.6106106106106106,3.4228245
0.6116116116116116,3.4228245
0.6126126126126126,3.4228245
0.6136136136136137,3.422689063636364
0.6146146146146146,3.4226362534945665
0.6156156156156156,3.4226415143871147
0.6166166166166166,3.4227290000000004
0.6176176176176176,3.4227290000000004
0.6186186186186187,3.4226623559650564
0.6196196196196196,3.4226693031577033
0.6206206206206206,3.4226335
0.6216216216216216,3.4226335
0.6226226226226226,3.4226335
0.6236236236236237,3.4226335
0.6246246246246246,3.4226335
0.6256256256256256,3.4226335
0.6266266266266266,3.4226335
0.6276276276276276,3.4226335
0.6286286286286287,3.422572403994904
0.6296296296296297,3.4225385
0.6306306306306306,3.4225385
0.6316316316316316,3.4225385
0.6326326326326326,3.4225385
0.6336336336336337,3.4225385
0.6346346346346347,3.4225385
0.6356356356356356,3.4224674963713713
0.6366366366366366,3.422443
0.6376376376376376,3.4225242391856137
0.6386386386386387,3.422452143035893
0.6396396396396397,3.422443
0.6406406406406406,3.422443
0.6416416416416416,3.422443
0.6426426426426426,3.422443
0.6436436436436437,3.4223525662935663
0.6446446446446447,3.4224210442988445
0.6456456456456456,3.4223746665301666
0.6466466466466466,3.4222525
0.6476476476476476,3.4223475
0.6486486486486487,3.4222525
0.6496496496496497,3.4222525
0.6506506506506506,3.4222525
0.6516516516516516,3.422215625580126
0.6526526526526526,3.4222208091273094
0.6536536536536537,3.4221575
0.6546546546546547,3.4221575
0.6556556556556556,3.4221575
0.6566566566566566,3.4221575
0.6576576576576576,3.4221575
0.6586586586586587,3.4221575
0.6596596596596597,3.4221575
0.6606606606606606,3.422071828965329
0.6616616616616616,3.422062
0.6626626626626626,3.422062
0.6636636636636637,3.422062
0.6646646646646647,3.422062
0.6656656656656657,3.4220052805259806
0.6666666666666666,3.422062
0.6676676676676676,3.422062
0.6686686686686687,3.4220099727942226
0.6696696696696697,3.421882491755392
0.6706706706706707,3.421967
0.6716716716716716,3.421967
0.6726726726726726,3.421958886541087
0.6736736736736737,3.421951939348439
0.6746746746746747,3.421967
0.6756756756756757,3.421967
0.6766766766766766,3.4219664385931385
0.6776776776776777,3.4218715
0.6786786786786787,3.4218249073895324
0.6796796796796797,3.4218310074438074
0.6806806806806807,3.4218715
0.6816816816816816,3.4217059064242816
0.6826826826826827,3.4218218516136263
0.6836836836836837,3.421716088391963
0.6846846846846847,3.4216883591537965
0.6856856856856857,3.4215860360181614
0.6866866866866866,3.4216240056834435
0.6876876876876877,3.4215855
0.6886886886886887,3.4216190314587314
0.6896896896896897,3.4215855
0.6906906906906907,3.4215855
0.6916916916916916,3.421507898971699
0.6926926926926927,3.421539394439894
0.6936936936936937,3.42149
0.6946946946946947,3.42149
0.6956956956956957,3.42149
0.6966966966966966,3.42149
0.6976976976976977,3.4214742193085943
0.6986986986986987,3.42149
0.6996996996996997,3.42149
0.7007007007007007,3.421395
0.7017017017017017,3.42142903021203
0.7027027027027027,3.421395
0.7037037037037037,3.421395
0.7047047047047047,3.421395
0.7057057057057057,3.4213545526344524
0.7067067067067067,3.421309165956866
0.7077077077077077,3.4213295257075256
0.7087087087087087,3.421262724133224
0.7097097097097097,3.4212045
0.7107107107107107,3.4212995
0.7117117117117117,3.4212995
0.7127127127127127,3.4212995
0.7137137137137137,3.4212995
0.7147147147147147,3.4212995
0.7157157157157157,3.4212045
0.7167167167167167,3.4212827165802167
0.7177177177177178,3.4211327711282715
0.7187187187187187,3.4211095
0.7197197197197197,3.4211095
0.7207207207207207,3.4212045
0.7217217217217217,3.4212045
0.7227227227227228,3.4211479789334787
0.7237237237237237,3.421151152443352
0.7247247247247247,3.421141644972245
0.7257257257257257,3.42109689521567
0.7267267267267267,3.421014
0.7277277277277278,3.421103448823824
0.7287287287287287,3.421014
0.7297297297297297,3.421014
0.7307307307307307,3.421004835858586
0.7317317317317317,3.420919
0.7327327327327328,3.421014
0.7337337337337337,3.420919
0.7347347347347347,3.420838666675767
0.7357357357357357,3.420966907179907
0.7367367367367368,3.4209482296660294
0.7377377377377378,3.4208235
0.7387387387387387,3.4208235
0.7397397397397397,3.4208235
0.7407407407407407,3.4208235
0.7417417417417418,3.4208235
0.7427427427427428,3.4208239443534447
0.7437437437437437,3.4208235
0.7447447447447447,3.4208235
0.7457457457457457,3.4208235
0.7467467467467468,3.4208235
0.7477477477477478,3.4208235
0.7487487487487487,3.4208235
0.7497497497497497,3.4208235
0.7507507507507507,3.4208235
0.7517517517517518,3.420728
0.7527527527527528,3.4207414615979617
0.7537537537537538,3.420728
0.7547547547547547,3.420728
0.7557557557557557,3.420728
0.7567567567567568,3.420728
0.7577577577577578,3.420728
0.7587587587587588,3.420728
0.7597597597597597,3.420633
0.7607607607607607,3.420633
0.7617617617617618,3.4206936672744175
0.7627627627627628,3.420633
0.7637637637637638,3.420633
0.7647647647647647,3.420633
0.7657657657657657,3.420633
0.7667667667667668,3.4206256495677496
0.7677677677677678,3.420633
0.7687687687687688,3.4205375
0.7697697697697697,3.4205375
0.7707707707707707,3.4205375
0.7717717717717718,3.4205375
0.7727727727727728,3.4205375
0.7737737737737738,3.4205375
0.7747747747747747,3.4205375
0.7757757757757757,3.4204981600236604
0.7767767767767768,3.4204929764764764
0.7777777777777778,3.420487792929293
0.7787787787787788,3.4204425
0.7797797797797797,3.4204425
0.7807807807807807,3.4204425
0.7817817817817818,3.4204425
0.7827827827827828,3.4204425
0.7837837837837838,3.4204425
0.7847847847847848,3.420347
0.7857857857857857,3.420347
0.7867867867867868,3.420347
0.7877877877877878,3.420347
0.7887887887887888,3.420347
0.7897897897897898,3.4202699004450876
0.7907907907907907,3.4202515
0.7917917917917918,3.4202801360020736
0.7927927927927928,3.4202515
0.7937937937937938,3.4202515
0.7947947947947948,3.4202515
0.7957957957957957,3.420201761807262
0.7967967967967968,3.4201565
0.7977977977977978,3.4201565
0.7987987987987988,3.4201266324597324
0.7997997997997998,3.4201318432887433
0.8008008008008007,3.420061
0.8018018018018018,3.420061
0.8028028028028028,3.420061
0.8038038038038038,3.420061
0.8048048048048048,3.420061
0.8058058058058059,3.420061
0.8068068068068068,3.420061
0.8078078078078078,3.420061
0.8088088088088088,3.419966
0.8098098098098098,3.420033692146692
0.8108108108108109,3.419966
0.8118118118118118,3.419966
0.8128128128128128,3.419966
0.8138138138138138,3.419966
0.8148148148148148,3.419966
0.8158158158158159,3.419966
0.8168168168168168,3.4199349911786787
0.8178178178178178,3.4198951254254255
0.8188188188188188,3.4198705
0.8198198198198198,3.4198705
0.8208208208208209,3.4198615541450543
0.8218218218218218,3.419866737692238
0.8228228228228228,3.4197768958601458
0.8238238238238238,3.419781986843987
0.8248248248248248,3.4197755
0.8258258258258259,3.4197755
0.8268268268268268,3.4197755
0.8278278278278278,3.4197069920992424
0.8288288288288288,3.4197755
0.8298298298298298,3.41968
0.8308308308308309,3.4197223454347205
0.8318318318318318,3.41968
0.8328328328328328,3.41968
0.8338338338338338,3.41968
0.8348348348348348,3.41968
0.8358358358358359,3.4195845
0.8368368368368369,3.4195845
0.8378378378378378,3.4195845
0.8388388388388388,3.4195845
0.8398398398398398,3.4195845
0.8408408408408409,3.4195845
0.8418418418418419,3.419494320981696
0.8428428428428428,3.4194895
0.8438438438438438,3.4194895
0.8448448448448448,3.4194128305942306
0.8458458458458459,3.419394
0.8468468468468469,3.419394
0.8478478478478478,3.419394
0.8488488488488488,3.419354533806534
0.8498498498498498,3.419394
0.8508508508508509,3.419299
0.8518518518518519,3.419299
0.8528528528528528,3.419299
0.8538538538538538,3.4193213014979267
0.8548548548548548,3.419314514085514
0.8558558558558559,3.419307726673102
0.8568568568568569,3.4193009745199747
0.8578578578578578,3.419299
0.8588588588588588,3.419310635564136
0.8598598598598598,3.419317422976548
0.8608608608608609,3.4192287103889605
0.8618618618618619,3.4192985
0.8628628628628628,3.4192985
0.8638638638638638,3.4192481739466736
0.8648648648648649,3.4192715863899616
0.8658658658658659,3.4192035
0.8668668668668669,3.4192035
0.8678678678678678,3.4192035
0.8688688688688688,3.4192035
0.8698698698698699,3.4192035
0.8708708708708709,3.419108
0.8718718718718719,3.419108
0.8728728728728729,3.419118015345703
0.8738738738738738,3.419108
0.8748748748748749,3.4191303554645556
0.8758758758758759,3.4190786973427976
0.8768768768768769,3.419108
0.8778778778778779,3.419108
0.8788788788788788,3.419108
0.8798798798798799,3.419013
0.8808808808808809,3.4189975795613794
0.8818818818818819,3.418939468209281
0.8828828828828829,3.4189175
0.8838838838838838,3.4188545351601602
0.8848848848848849,3.4189175
0.8858858858858859,3.4188225
0.8868868868868869,3.4188225
0.8878878878878879,3.4188069223330473
0.8888888888888888,3.4188014646464646
0.8898898898898899,3.4187945538265536
0.8908908908908909,3.418822
0.8918918918918919,3.4186732678132676
0.8928928928928929,3.418727
0.8938938938938938,3.418727
0.8948948948948949,3.418727
0.8958958958958959,3.4186315
0.8968968968968969,3.4186315
0.8978978978978979,3.418645568195468
0.8988988988988988,3.418543121002821
0.8998998998998999,3.4186313261898262
0.9009009009009009,3.418536
0.9019019019019019,3.4185885943215943
0.9029029029029029,3.4185365
0.9039039039039038,3.4185365
0.9049049049049049,3.418441
0.9059059059059059,3.418441
0.9069069069069069,3.418441
0.9079079079079079,3.4183783883705137
0.9089089089089089,3.418346
0.9099099099099099,3.418346
0.9109109109109109,3.4182505
0.9119119119119119,3.4182472442094696
0.9129129129129129,3.418251
0.9139139139139139,3.418251
0.914914914914915,3.418251
0.9159159159159159,3.4182424641823643
0.9169169169169169,3.4181555
0.9179179179179179,3.4181555
0.9189189189189189,3.418124049140049
0.91991991991992,3.418155
0.9209209209209209,3.4180089729908483
0.9219219219219219,3.4180201992082995
0.9229229229229229,3.4179645
0.9239239239239239,3.4179645
0.924924924924925,3.4178695
0.9259259259259259,3.4178695
0.9269269269269269,3.417763954936755
0.9279279279279279,3.417679
0.9289289289289289,3.417679
0.92992992992993,3.4175835
0.9309309309309309,3.417503926153426
0.9319319319319319,3.417510836973337
0.9329329329329329,3.417394611429611
0.933933933933934,3.417386169260169
0.934934934934935,3.4172975
0.9359359359359359,3.417124162071162
0.9369369369369369,3.4171238675324673
0.9379379379379379,3.417107
0.938938938938939,3.4170119999999997
0.93993993993994,3.416877584030459
0.9409409409409409,3.4167382570934572
0.9419419419419419,3.4167259999999997
0.9429429429429429,3.4165355
0.943943943943944,3.4164927796375917
0.944944944944945,3.4161847903171028
0.9459459459459459,3.41603332746139
0.9469469469469469,3.4158685
0.9479479479479479,3.4156779999999998
0.948948948948949,3.4153919999999998
0.94994994994995,3.415011
0.950950950950951,3.414725
0.9519519519519519,3.4144338743379743
0.9529529529529529,3.4139625000000002
0.953953953953954,3.413391
0.954954954954955,3.412893741850942
0.955955955955956,3.412126166985167
0.9569569569569569,3.41139
0.9579579579579579,3.4104007998908
0.958958958958959,3.409389
0.95995995995996,3.408008187705888
0.960960960960961,3.406478476876877
0.9619619619619619,3.404471766047866
0.9629629629629629,3.4020224373737378
0.963963963963964,3.398962542997543
0.964964964964965,3.3953316486213487
0.965965965965966,3.390955176976977
0.9669669669669669,3.385413071771772
0.9679679679679679,3.379108466566567
0.968968968968969,3.371378432477932
0.96996996996997,3.3626881252681255
0.970970970970971,3.3526372342878594
0.9719719719719719,3.341449048119549
0.9729729729729729,3.3294155476658487
0.973973973973974,3.31660255998856
0.974974974974975,3.3033274319944947
0.975975975975976,3.2898541430716435
0.9769769769769769,3.2758112295777924
0.9779779779779779,3.2615309399464407
0.978978978978979,3.2467630684791935
0.97997997997998,3.231713116689417
0.980980980980981,3.2162633931645934
0.9819819819819819,3.2003295011583015
0.9829829829829829,3.184129365633492
0.983983983983984,3.166786853299728
0.984984984984985,3.148905388138138
0.985985985985986,3.129580183566684
0.986986986986987,3.108177681695333
0.9879879879879879,3.0837795692299457
0.988988988988989,3.055827741848341
0.98998998998999,3.025169501430001
0.990990990990991,2.992285932923834
0.991991991991992,2.9574417591864597
0.992992992992993,2.920461894303393
0.993993993993994,2.8808202939120933
0.994994994994995,2.8373397795522797
0.995995995995996,2.7886891106470113
0.996996996996997,2.7324026937107604
0.997997997997998,2.6629754445434886
0.998998998998999,2.568852516337547
1.0,2.4008655
