# OCP data for Sony Graphite negative electrode, mean
# sto,ocp
0.0,1.4976060000000002
0.001001001001001001,1.0827766582824654
0.002002002002002002,0.9040176514696514
0.003003003003003003,0.8140569549296772
0.004004004004004004,0.7627627749951973
0.005005005005005005,0.7240871530139568
0.006006006006006006,0.6928392474494697
0.007007007007007007,0.6666670575275613
0.008008008008008008,0.6438925288399511
0.009009009009009009,0.6234961746686081
0.01001001001001001,0.6049861993171622
0.011011011011011011,0.5879607592777963
0.012012012012012012,0.5721858515424516
0.013013013013013013,0.5575936865013161
0.014014014014014014,0.5439573246627099
0.015015015015015015,0.5311105028806584
0.016016016016016016,0.5190926539650762
0.017017017017017015,0.5076222176806436
0.018018018018018018,0.49678706414748086
0.01901901901901902,0.4864769708875542
0.02002002002002002,0.47666326760093425
0.02102102102102102,0.4672316350876129
0.022022022022022022,0.4581948637546638
0.023023023023023025,0.4495130065280769
0.024024024024024024,0.44110185819658043
0.025025025025025023,0.43304443160534273
0.026026026026026026,0.42527135517402925
0.02702702702702703,0.41778522186732187
0.028028028028028028,0.41048629621389066
0.029029029029029027,0.4034456175486935
0.03003003003003003,0.3966581025641803
0.031031031031031032,0.3899883922719015
0.03203203203203203,0.383532561533756
0.03303303303303303,0.3772518876381432
0.03403403403403403,0.37119449084185197
0.035035035035035036,0.3652363816853891
0.036036036036036036,0.3595403372539206
0.037037037037037035,0.353804822702332
0.03803803803803804,0.3484510670577985
0.03903903903903904,0.3430968102931214
0.04004004004004004,0.33783197004277005
0.04104104104104104,0.33271813692749985
0.04204204204204204,0.32777072166611054
0.043043043043043044,0.32293060741296853
0.044044044044044044,0.31808021661476293
0.04504504504504504,0.3134520744471745
0.04604604604604605,0.3088870562908026
0.04704704704704705,0.30452418250068247
0.04804804804804805,0.30015749715826934
0.04904904904904905,0.2958922801090653
0.050050050050050046,0.2917207111124593
0.05105105105105105,0.2875492546157269
0.05205205205205205,0.28360390023306137
0.05305305305305305,0.27970032290944147
0.05405405405405406,0.2758895443852944
0.055055055055055056,0.2720990089719349
0.056056056056056056,0.26840363821481417
0.057057057057057055,0.26484597558669787
0.058058058058058054,0.2612985384325403
0.05905905905905906,0.25791549999999996
0.06006006006006006,0.2545079215604493
0.06106106106106106,0.2513460005527413
0.062062062062062065,0.24804364867594866
0.06306306306306306,0.24501528620286958
0.06406406406406406,0.24208351388661387
0.06506506506506507,0.2393418260204649
0.06606606606606606,0.23675057403767408
0.06706706706706707,0.23437660361287213
0.06806806806806806,0.2319745878058193
0.06906906906906907,0.2299011814562037
0.07007007007007007,0.22788542442442444
0.07107107107107107,0.2260575
0.07207207207207207,0.2245315
0.07307307307307308,0.22303815281004913
0.07407407407407407,0.2219315622895623
0.07507507507507508,0.22084831236792346
0.07607607607607608,0.219953
0.07707707707707707,0.21919
0.07807807807807808,0.2186175
0.07907907907907907,0.21814050000000001
0.08008008008008008,0.2176231824509695
0.08108108108108109,0.2171032362362362
0.08208208208208208,0.21680549999999998
0.08308308308308308,0.2164235
0.08408408408408408,0.2160388812721813
0.08508508508508508,0.21566049999999998
0.08608608608608609,0.2153162929967004
0.08708708708708708,0.21508850000000002
0.08808808808808809,0.214802
0.0890890890890891,0.2144205
0.09009009009009009,0.21422999999999998
0.09109109109109109,0.2139435
0.0920920920920921,0.2136575
0.09309309309309309,0.21340362572067018
0.0940940940940941,0.21309544470396324
0.09509509509509509,0.2128945
0.0960960960960961,0.21260849999999998
0.0970970970970971,0.212322
0.0980980980980981,0.21213100000000001
0.0990990990990991,0.21184550000000002
0.10010010010010009,0.21165450000000002
0.1011011011011011,0.21136850000000001
0.1021021021021021,0.21098699999999998
0.1031031031031031,0.21085485733915735
0.1041041041041041,0.21051
0.10510510510510511,0.2102081902265902
0.1061061061061061,0.2099375
0.10710710710710711,0.2096515
0.10810810810810811,0.2093655
0.1091091091091091,0.20907900000000001
0.11011011011011011,0.208793
0.1111111111111111,0.2084115
0.11211211211211211,0.20803
0.11311311311311312,0.2076485
0.11411411411411411,0.2072859018564019
0.11511511511511512,0.2068634838542246
0.11611611611611611,0.206313
0.11711711711711711,0.20585212729396063
0.11811811811811812,0.205359
0.11911911911911911,0.20472949316589317
0.12012012012012012,0.204024
0.12112112112112113,0.20332091542468395
0.12212212212212212,0.2026885
0.12312312312312312,0.2020084026248471
0.12412412412412413,0.20121533603974343
0.12512512512512514,0.200495
0.12612612612612611,0.199732
0.12712712712712712,0.19906400000000002
0.12812812812812813,0.19830566355227278
0.12912912912912913,0.19744250000000002
0.13013013013013014,0.19687
0.13113113113113112,0.196107
0.13213213213213212,0.19538197057057055
0.13313313313313313,0.1946765
0.13413413413413414,0.1939135
0.13513513513513514,0.19334099999999999
0.13613613613613612,0.192673
0.13713713713713713,0.1920055
0.13813813813813813,0.191338
0.13913913913913914,0.1907655
0.14014014014014015,0.19010098605878606
0.14114114114114115,0.18946562075964854
0.14214214214214213,0.1887625
0.14314314314314314,0.18819049999999998
0.14414414414414414,0.18754612395729062
0.14514514514514515,0.18695050000000002
0.14614614614614616,0.186378
0.14714714714714713,0.1858055
0.14814814814814814,0.18513800000000002
0.14914914914914915,0.18451365011375012
0.15015015015015015,0.18390657704927152
0.15115115115115116,0.18339469209209208
0.15215215215215216,0.18284899999999998
0.15315315315315314,0.1822765
0.15415415415415415,0.1817045
0.15515515515515516,0.18111073673673672
0.15615615615615616,0.18055949999999998
0.15715715715715717,0.1799875
0.15815815815815815,0.17931950000000002
0.15915915915915915,0.1787475
0.16016016016016016,0.1782705
0.16116116116116116,0.177794
0.16216216216216217,0.17710625950950948
0.16316316316316315,0.1765535
0.16416416416416416,0.175886
0.16516516516516516,0.175409
0.16616616616616617,0.17493199999999998
0.16716716716716717,0.17436000000000001
0.16816816816816815,0.17378749999999998
0.16916916916916916,0.17322354341378415
0.17017017017017017,0.17273850000000002
0.17117117117117117,0.17219576209542878
0.17217217217217218,0.1715935
0.17317317317317318,0.17107301906451905
0.17417417417417416,0.1705445
0.17517517517517517,0.1701626918214511
0.17617617617617617,0.16959164537685834
0.17717717717717718,0.16901850000000002
0.1781781781781782,0.16844599999999998
0.17917917917917917,0.1680645
0.18018018018018017,0.1675875
0.18118118118118118,0.16713568315723132
0.18218218218218218,0.166634
0.1831831831831832,0.166157
0.1841841841841842,0.16565189837109834
0.18518518518518517,0.165203
0.18618618618618618,0.1648215
0.1871871871871872,0.16444
0.1881881881881882,0.16396349999999998
0.1891891891891892,0.16354646421421426
0.19019019019019018,0.1630095
0.19119119119119118,0.16262749999999998
0.1921921921921922,0.16224650000000002
0.1931931931931932,0.1618482416675935
0.1941941941941942,0.1614835
0.19519519519519518,0.16100599999999998
0.1961961961961962,0.16062500000000002
0.1971971971971972,0.1601475
0.1981981981981982,0.15976649999999998
0.1991991991991992,0.15938449999999998
0.20020020020020018,0.1589075
0.2012012012012012,0.1585265
0.2022022022022022,0.15817774425351278
0.2032032032032032,0.1577635
0.2042042042042042,0.1573815
0.20520520520520522,0.157
0.2062062062062062,0.15652349999999998
0.2072072072072072,0.1561415
0.2082082082082082,0.1557636112021112
0.2092092092092092,0.1553785
0.21021021021021022,0.15490150000000003
0.2112112112112112,0.15452
0.2122122122122122,0.1541385
0.2132132132132132,0.1538525
0.21421421421421422,0.1533755
0.21521521521521522,0.1530895
0.21621621621621623,0.1526195356265356
0.2172172172172172,0.15232649999999998
0.2182182182182182,0.1518495
0.21921921921921922,0.151468
0.22022022022022023,0.151182
0.22122122122122123,0.1508225995069143
0.2222222222222222,0.150419
0.22322322322322322,0.150037
0.22422422422422422,0.1496555
0.22522522522522523,0.1493695
0.22622622622622623,0.148988
0.2272272272272272,0.1487015
0.22822822822822822,0.14829058553098554
0.22922922922922923,0.14802144742924744
0.23023023023023023,0.1475608724906725
0.23123123123123124,0.147271
0.23223223223223222,0.14695806151521895
0.23323323323323322,0.1466035
0.23423423423423423,0.1463175
0.23523523523523523,0.14603100000000002
0.23623623623623624,0.1456495
0.23723723723723725,0.14536349999999998
0.23823823823823823,0.144982
0.23923923923923923,0.1446955
0.24024024024024024,0.1444095
0.24124124124124124,0.144028
0.24224224224224225,0.14379837937937934
0.24324324324324323,0.143456
0.24424424424424424,0.1431695
0.24524524524524524,0.1428835
0.24624624624624625,0.14257104432209988
0.24724724724724725,0.1421205
0.24824824824824826,0.14183400000000002
0.24924924924924924,0.141548
0.2502502502502503,0.141262
0.25125125125125125,0.1409113182819183
0.25225225225225223,0.140594
0.25325325325325326,0.1403085
0.25425425425425424,0.139927
0.2552552552552553,0.139545
0.25625625625625625,0.1392585
0.25725725725725723,0.138973
0.25825825825825827,0.13866482104326544
0.25925925925925924,0.1384005
0.2602602602602603,0.138114
0.26126126126126126,0.13777498239906572
0.26226226226226224,0.1374465
0.26326326326326327,0.1371605
0.26426426426426425,0.136874
0.2652652652652653,0.1365885
0.26626626626626626,0.13638314675584678
0.26726726726726724,0.13606422266711155
0.2682682682682683,0.135825
0.26926926926926925,0.13556204027664023
0.2702702702702703,0.135348
0.27127127127127126,0.135062
0.27227227227227224,0.134871
0.2732732732732733,0.1346805
0.27427427427427425,0.1343945
0.2752752752752753,0.134204
0.27627627627627627,0.1339175
0.2772772772772773,0.13372699999999998
0.2782782782782783,0.133536
0.27927927927927926,0.13326138571905238
0.2802802802802803,0.13305899999999998
0.28128128128128127,0.13286799999999999
0.2822822822822823,0.1325849825825825
0.2832832832832833,0.13239099999999998
0.28428428428428426,0.1322005
0.2852852852852853,0.1320095
0.2862862862862863,0.13181900000000002
0.2872872872872873,0.131533
0.2882882882882883,0.13133679033579038
0.28928928928928926,0.1311515
0.2902902902902903,0.1309493495040495
0.2912912912912913,0.1306745
0.2922922922922923,0.130484
0.2932932932932933,0.130293
0.29429429429429427,0.130102
0.2952952952952953,0.13000699999999998
0.2962962962962963,0.129816
0.2972972972972973,0.129625
0.2982982982982983,0.1294345
0.29929929929929927,0.129339
0.3003003003003003,0.1292435
0.3013013013013013,0.1289575
0.3023023023023023,0.1288855253679606
0.3033033033033033,0.1287665
0.30430430430430433,0.1286715
0.3053053053053053,0.1285429380862344
0.3063063063063063,0.128385
0.3073073073073073,0.128385
0.3083083083083083,0.12824849464279092
0.30930930930930933,0.1280995
0.3103103103103103,0.128004
0.3113113113113113,0.1279085
0.3123123123123123,0.12787149407589404
0.3133133133133133,0.12764441336791338
0.31431431431431434,0.1276225
0.3153153153153153,0.1276225
0.3163163163163163,0.127527
0.3173173173173173,0.1274315
0.3183183183183183,0.12734349817089818
0.31931931931931934,0.12724049999999998
0.3203203203203203,0.12719419573276985
0.3213213213213213,0.1271455
0.32232232232232233,0.12705
0.3233233233233233,0.12705
0.32432432432432434,0.126859
0.3253253253253253,0.126859
0.3263263263263263,0.126859
0.32732732732732733,0.1267635
0.3283283283283283,0.12666850000000002
0.32932932932932935,0.12666088358729094
0.3303303303303303,0.1265559796817019
0.3313313313313313,0.126478
0.33233233233233234,0.126478
0.3333333333333333,0.12633887654320985
0.33433433433433435,0.126287
0.3353353353353353,0.126287
0.3363363363363363,0.12622043417963424
0.33733733733733734,0.12619149999999998
0.3383383383383383,0.12619149999999998
0.33933933933933935,0.12607007235012793
0.34034034034034033,0.1260005
0.34134134134134136,0.1260005
0.34234234234234234,0.1259055
0.3433433433433433,0.12582652387572757
0.34434434434434436,0.1259055
0.34534534534534533,0.1257310274163052
0.34634634634634637,0.1257145
0.34734734734734735,0.1257145
0.3483483483483483,0.1257145
0.34934934934934936,0.1257145
0.35035035035035034,0.12567756530587829
0.35135135135135137,0.1255235
0.35235235235235235,0.1255235
0.3533533533533533,0.12545465900445898
0.35435435435435436,0.12535088479388481
0.35535535535535534,0.125333
0.3563563563563564,0.125333
0.35735735735735735,0.125333
0.35835835835835833,0.125333
0.35935935935935936,0.125333
0.36036036036036034,0.12517897828131158
0.3613613613613614,0.12516791799981794
0.36236236236236236,0.1251425
0.36336336336336333,0.1251425
0.36436436436436437,0.1251257690326691
0.36536536536536535,0.12495150000000001
0.3663663663663664,0.12495150000000001
0.36736736736736736,0.12495150000000001
0.3683683683683684,0.12495150000000001
0.36936936936936937,0.12495150000000001
0.37037037037037035,0.12493558333333327
0.3713713713713714,0.1247605
0.37237237237237236,0.1247605
0.3733733733733734,0.1247605
0.3743743743743744,0.1247605
0.37537537537537535,0.12474387564837558
0.3763763763763764,0.12456999999999999
0.37737737737737737,0.12456999999999999
0.3783783783783784,0.12456999999999999
0.3793793793793794,0.12456999999999999
0.38038038038038036,0.12456999999999999
0.3813813813813814,0.12438706784056783
0.38238238238238237,0.1243795
0.3833833833833834,0.1243795
0.3843843843843844,0.1243795
0.38538538538538536,0.124284
0.3863863863863864,0.124284
0.38738738738738737,0.124284
0.3883883883883884,0.12418850000000001
0.3893893893893894,0.12418850000000001
0.39039039039039036,0.12412021819041254
0.3913913913913914,0.12409300000000001
0.3923923923923924,0.12409300000000001
0.3933933933933934,0.12409300000000001
0.3943943943943944,0.12398863336973337
0.39539539539539537,0.1239025
0.3963963963963964,0.1239025
0.3973973973973974,0.1239025
0.3983983983983984,0.1239025
0.3993993993993994,0.12380452513624733
0.40040040040040037,0.1237115
0.4014014014014014,0.1237115
0.4024024024024024,0.123616
0.4034034034034034,0.123616
0.4044044044044044,0.123616
0.40540540540540543,0.123616
0.4064064064064064,0.12345117391465536
0.4074074074074074,0.12342550000000001
0.4084084084084084,0.12334534002183997
0.4094094094094094,0.12333050000000001
0.41041041041041043,0.12323500000000001
0.4114114114114114,0.12323500000000001
0.4124124124124124,0.12320650208390212
0.4134134134134134,0.12313950000000001
0.4144144144144144,0.12313950000000001
0.41541541541541543,0.123081184948585
0.4164164164164164,0.12304400000000001
0.4174174174174174,0.12304120117339559
0.4184184184184184,0.12298221743561744
0.4194194194194194,0.12286789900809907
0.42042042042042044,0.12285299999999999
0.4214214214214214,0.12285299999999999
0.4224224224224224,0.12285299999999999
0.42342342342342343,0.122662
0.4244244244244244,0.122662
0.42542542542542544,0.122662
0.4264264264264264,0.122567
0.4274274274274274,0.122567
0.42842842842842843,0.122567
0.4294294294294294,0.12241591647202761
0.43043043043043044,0.12237877581284982
0.4314314314314314,0.122376
0.43243243243243246,0.12232041116116107
0.43343343343343343,0.1222805
0.4344344344344344,0.1222337642828013
0.43543543543543545,0.12212106325770208
0.4364364364364364,0.12209
0.43743743743743746,0.12209
0.43843843843843844,0.12209
0.4394394394394394,0.12200784994084991
0.44044044044044045,0.12199499999999999
0.44144144144144143,0.1218861325492159
0.44244244244244246,0.121804
0.44344344344344344,0.121804
0.4444444444444444,0.121804
0.44544544544544545,0.12177370836290835
0.44644644644644643,0.121613
0.44744744744744747,0.1216087503412503
0.44844844844844844,0.1215175
0.4494494494494494,0.1215175
0.45045045045045046,0.12150463104013101
0.45145145145145144,0.1214225
0.45245245245245247,0.12128106892346892
0.45345345345345345,0.1212315
0.4544544544544544,0.1212315
0.45545545545545546,0.12117088392095803
0.45645645645645644,0.12113348430248434
0.4574574574574575,0.12094550000000001
0.45845845845845845,0.12094550000000001
0.45945945945945943,0.12094550000000001
0.46046046046046046,0.12085000000000001
0.46146146146146144,0.12075449999999999
0.4624624624624625,0.1206595
0.46346346346346345,0.1206595
0.46446446446446443,0.120564
0.46546546546546547,0.12045715782398558
0.46646646646646645,0.1203773991354992
0.4674674674674675,0.120373
0.46846846846846846,0.1202775
0.4694694694694695,0.12018976062426062
0.47047047047047047,0.120087
0.47147147147147145,0.120087
0.4724724724724725,0.12006372936572937
0.47347347347347346,0.1198965
0.4744744744744745,0.11980099999999999
0.4754754754754755,0.11980099999999999
0.47647647647647645,0.11974356474993512
0.4774774774774775,0.11961
0.47847847847847846,0.11951500000000001
0.4794794794794795,0.11942218906869828
0.4804804804804805,0.11941345662025661
0.48148148148148145,0.119324
0.4824824824824825,0.11921550768950766
0.48348348348348347,0.11911826958776961
0.4844844844844845,0.1190375
0.4854854854854855,0.1189138752024752
0.48648648648648646,0.11884700000000001
0.4874874874874875,0.11875150000000001
0.48848848848848847,0.11860502557102556
0.4894894894894895,0.118561
0.4904904904904905,0.11839342439712439
0.49149149149149146,0.1182745
0.4924924924924925,0.1182745
0.4934934934934935,0.118084
0.4944944944944945,0.1179885
0.4954954954954955,0.117893
0.4964964964964965,0.11771329244699244
0.4974974974974975,0.117702
0.4984984984984985,0.11754454365476588
0.4994994994994995,0.11741650000000001
0.5005005005005005,0.11732100000000001
0.5015015015015015,0.11722550000000001
0.5025025025025025,0.11713000000000001
0.5035035035035035,0.11696641971971965
0.5045045045045045,0.11686256147814497
0.5055055055055055,0.11683956896711525
0.5065065065065065,0.116653
0.5075075075075075,0.11655750000000001
0.5085085085085085,0.11636749999999998
0.5095095095095095,0.11627199999999999
0.5105105105105106,0.11608099999999999
0.5115115115115115,0.11598549999999999
0.5125125125125125,0.1157945
0.5135135135135135,0.115604
0.5145145145145145,0.1155085
0.5155155155155156,0.11532413011159293
0.5165165165165165,0.1152225
0.5175175175175175,0.115032
0.5185185185185185,0.114841
0.5195195195195195,0.11469859973862759
0.5205205205205206,0.1145545
0.5215215215215215,0.1144595
0.5225225225225225,0.11420689819819815
0.5235235235235235,0.11405112720902721
0.5245245245245245,0.1138875
0.5255255255255256,0.11365391476931472
0.5265265265265265,0.11350550000000001
0.5275275275275275,0.11325697446520605
0.5285285285285285,0.113124
0.5295295295295295,0.1129335
0.5305305305305306,0.1127425
0.5315315315315315,0.11258735462735464
0.5325325325325325,0.11236100000000002
0.5335335335335335,0.11216999999999999
0.5345345345345345,0.1119474858039859
0.5355355355355356,0.11172035193375186
0.5365365365365365,0.111598
0.5375375375375375,0.11131150000000001
0.5385385385385385,0.111121
0.5395395395395395,0.11083499999999999
0.5405405405405406,0.11055842997542989
0.5415415415415415,0.110358
0.5425425425425425,0.110167
0.5435435435435435,0.109881
0.5445445445445445,0.1096905
0.5455455455455456,0.109404
0.5465465465465466,0.10920545934823707
0.5475475475475475,0.108927
0.5485485485485485,0.10861544234048853
0.5495495495495496,0.10827108299966642
0.5505505505505506,0.1080685
0.5515515515515516,0.10778299999999999
0.5525525525525525,0.107592
0.5535535535535535,0.10721
0.5545545545545546,0.1069245
0.5555555555555556,0.106584158436214
0.5565565565565566,0.1062565
0.5575575575575575,0.10595003694603697
0.5585585585585585,0.105684
0.5595595595595596,0.10539799999999999
0.5605605605605606,0.1050165
0.5615615615615616,0.104826
0.5625625625625625,0.10444400000000001
0.5635635635635635,0.10410975332740162
0.5645645645645646,0.1037765
0.5655655655655656,0.103395
0.5665665665665666,0.1030135
0.5675675675675675,0.1026315
0.5685685685685685,0.10230507639457644
0.5695695695695696,0.1020595
0.5705705705705706,0.10169478719628712
0.5715715715715716,0.101392
0.5725725725725725,0.10110130717080722
0.5735735735735735,0.10063668588588602
0.5745745745745746,0.10036801163200233
0.5755755755755756,0.099961
0.5765765765765766,0.09972261703521704
0.5775775775775776,0.099389
0.5785785785785785,0.09910250000000001
0.5795795795795796,0.09881699999999999
0.5805805805805806,0.098435
0.5815815815815816,0.09810978974445815
0.5825825825825826,0.097863
0.5835835835835835,0.09749978073528062
0.5845845845845846,0.0972905
0.5855855855855856,0.097004
0.5865865865865866,0.0967185
0.5875875875875876,0.09643303915952989
0.5885885885885885,0.09624150000000001
0.5895895895895896,0.095955
0.5905905905905906,0.095669
0.5915915915915916,0.09549618653097536
0.5925925925925926,0.095287
0.5935935935935935,0.0950965
0.5945945945945946,0.09486427252252239
0.5955955955955956,0.09471550000000001
0.5965965965965966,0.094429
0.5975975975975976,0.09430869736403091
0.5985985985985985,0.09404820988581183
0.5995995995995996,0.09395200000000001
0.6006006006006006,0.09385650000000001
0.6016016016016016,0.093666
0.6026026026026026,0.09351814724910107
0.6036036036036035,0.09336515081748398
0.6046046046046046,0.093189
0.6056056056056056,0.09306627472843221
0.6066066066066066,0.092903
0.6076076076076076,0.0928075
0.6086086086086087,0.09270069670596529
0.6096096096096096,0.0926165
0.6106106106106106,0.09242600000000001
0.6116116116116116,0.09232596529256526
0.6126126126126126,0.09223500000000001
0.6136136136136137,0.0921395
0.6146146146146146,0.091949
0.6156156156156156,0.0918535
0.6166166166166166,0.0918535
0.6176176176176176,0.091758
0.6186186186186187,0.091663
0.6196196196196196,0.0915675
0.6206206206206206,0.091472
0.6216216216216216,0.0913765
0.6226226226226226,0.0912815
0.6236236236236237,0.091186
0.6246246246246246,0.0910905
0.6256256256256256,0.0910905
0.6266266266266266,0.09099499999999999
0.6276276276276276,0.09090000000000001
0.6286286286286287,0.09083875862899926
0.6296296296296297,0.09080450000000001
0.6306306306306306,0.09070900000000001
0.6316316316316316,0.0906135
0.6326326326326326,0.0906135
0.6336336336336337,0.090518
0.6346346346346347,0.090518
0.6356356356356356,0.090423
0.6366366366366366,0.0903275
0.6376376376376376,0.0903275
0.6386386386386387,0.09028441648129622
0.6396396396396397,0.09014233480753472
0.6406406406406406,0.09013650000000001
0.6416416416416416,0.09013650000000001
0.6426426426426426,0.0901250263445264
0.6436436436436437,0.089946
0.6446446446446447,0.08992414932525114
0.6456456456456456,0.089946
0.6466466466466466,0.0898505
0.6476476476476476,0.08983749722871012
0.6486486486486487,0.089755
0.6496496496496497,0.08981169166439165
0.6506506506506506,0.0896595
0.6516516516516516,0.0896595
0.6526526526526526,0.08956449999999999
0.6536536536536537,0.08956449999999999
0.6546546546546547,0.08948696328146334
0.6556556556556556,0.08946899999999999
0.6566566566566566,0.08946899999999999
0.6576576576576576,0.08946899999999999
0.6586586586586587,0.0893735
0.6596596596596597,0.08935167587958323
0.6606606606606606,0.089278
0.6616616616616616,0.089278
0.6626626626626626,0.089278
0.6636636636636637,0.0891825
0.6646646646646647,0.0891825
0.6656656656656657,0.08909922663404142
0.6666666666666666,0.0890875
0.6676676676676676,0.0890875
0.6686686686686687,0.0890875
0.6696696696696697,0.0889925
0.6706706706706707,0.0890810083509436
0.6716716716716716,0.088897
0.6726726726726726,0.088897
0.6736736736736737,0.0888252424697425
0.6746746746746747,0.0888015
0.6756756756756757,0.0888015
0.6766766766766766,0.0888015
0.6776776776776777,0.0888015
0.6786786786786787,0.08870600000000001
0.6796796796796797,0.08870600000000001
0.6806806806806807,0.08870600000000001
0.6816816816816816,0.08864672290472289
0.6826826826826827,0.0885155
0.6836836836836837,0.08851782792978158
0.6846846846846847,0.0885479434070434
0.6856856856856857,0.0885155
0.6866866866866866,0.08842
0.6876876876876877,0.08842
0.6886886886886887,0.08842
0.6896896896896897,0.08842
0.6906906906906907,0.08842
0.6916916916916916,0.08839275351715353
0.6926926926926927,0.0883245
0.6936936936936937,0.0883245
0.6946946946946947,0.0883245
0.6956956956956957,0.0883245
0.6966966966966966,0.0883245
0.6976976976976977,0.08828924782054792
0.6986986986986987,0.08832155044135043
0.6996996996996997,0.088229
0.7007007007007007,0.088229
0.7017017017017017,0.088229
0.7027027027027027,0.088229
0.7037037037037037,0.08806273525377226
0.7047047047047047,0.08807547637637639
0.7057057057057057,0.08804074736554737
0.7067067067067067,0.08810091684276876
0.7077077077077077,0.0880385
0.7087087087087087,0.0880385
0.7097097097097097,0.087943
0.7107107107107107,0.08796954776594781
0.7117117117117117,0.087943
0.7127127127127127,0.087943
0.7137137137137137,0.087943
0.7147147147147147,0.087943
0.7157157157157157,0.0878421944444443
0.7167167167167167,0.08784699900826734
0.7177177177177178,0.087752
0.7187187187187187,0.087752
0.7197197197197197,0.087752
0.7207207207207207,0.087752
0.7217217217217217,0.0876594895349894
0.7227227227227228,0.0876565
0.7237237237237237,0.0876565
0.7247247247247247,0.0876565
0.7257257257257257,0.0876565
0.7267267267267267,0.0876565
0.7277277277277278,0.08762179381233083
0.7287287287287287,0.0875615
0.7297297297297297,0.0875615
0.7307307307307307,0.08747467126217122
0.7317317317317317,0.08750921844571832
0.7327327327327328,0.0874665
0.7337337337337337,0.0874665
0.7347347347347347,0.0874665
0.7357357357357357,0.0874665
0.7367367367367368,0.087371
0.7377377377377378,0.087371
0.7387387387387387,0.087371
0.7397397397397397,0.08733672463372469
0.7407407407407407,0.087371
0.7417417417417418,0.08718000000000001
0.7427427427427428,0.08718000000000001
0.7437437437437437,0.08718000000000001
0.7447447447447447,0.08718000000000001
0.7457457457457457,0.08718000000000001
0.7467467467467468,0.08718000000000001
0.7477477477477478,0.08718000000000001
0.7487487487487487,0.08718000000000001
0.7497497497497497,0.08718000000000001
0.7507507507507507,0.0870495704315428
0.7517517517517518,0.08701419829088348
0.7527527527527528,0.08708450000000001
0.7537537537537538,0.0870327774719164
0.7547547547547547,0.08698900000000001
0.7557557557557557,0.08695643318773327
0.7567567567567568,0.08689350000000001
0.7577577577577578,0.08689350000000001
0.7587587587587588,0.08689350000000001
0.7597597597597597,0.08689350000000001
0.7607607607607607,0.08689217904267912
0.7617617617617618,0.086798
0.7627627627627628,0.08682317881770663
0.7637637637637638,0.086798
0.7647647647647647,0.08678527134541944
0.7657657657657657,0.08677378244911585
0.7667667667667668,0.08673622103922096
0.7677677677677678,0.086703
0.7687687687687688,0.086703
0.7697697697697697,0.086703
0.7707707707707707,0.086703
0.7717717717717718,0.08651383306033314
0.7727727727727728,0.08651249999999999
0.7737737737737738,0.08651249999999999
0.7747747747747747,0.08651249999999999
0.7757757757757757,0.08651249999999999
0.7767767767767768,0.08651249999999999
0.7777777777777778,0.08649378585858583
0.7787787787787788,0.08645905684775688
0.7797797797797797,0.086417
0.7807807807807807,0.08640854510065635
0.7817817817817818,0.0863215
0.7827827827827828,0.0863215
0.7837837837837838,0.0863215
0.7847847847847848,0.0863215
0.7857857857857857,0.0863215
0.7867867867867868,0.08622169810163707
0.7877877877877878,0.08620970803210626
0.7887887887887888,0.0861305
0.7897897897897898,0.0861305
0.7907907907907907,0.08604230871780885
0.7917917917917918,0.0861305
0.7927927927927928,0.08609830021688349
0.7937937937937938,0.086035
0.7947947947947948,0.086035
0.7957957957957957,0.086035
0.7967967967967968,0.08600193156119074
0.7977977977977978,0.08593999999999999
0.7987987987987988,0.08593999999999999
0.7997997997997998,0.08593999999999999
0.8008008008008007,0.08589897178660133
0.8018018018018018,0.08593999999999999
0.8028028028028028,0.08577712422422418
0.8038038038038038,0.08574899999999999
0.8048048048048048,0.08574899999999999
0.8058058058058059,0.08574899999999999
0.8068068068068068,0.08572578975271575
0.8078078078078078,0.08565400000000001
0.8088088088088088,0.08565400000000001
0.8098098098098098,0.08565400000000001
0.8108108108108109,0.08565400000000001
0.8118118118118118,0.08565400000000001
0.8128128128128128,0.0855942014143774
0.8138138138138138,0.08555850000000001
0.8148148148148148,0.08546300000000001
0.8158158158158159,0.08546300000000001
0.8168168168168168,0.08546300000000001
0.8178178178178178,0.08542377040002963
0.8188188188188188,0.08528405920735549
0.8198198198198198,0.08531856895986886
0.8208208208208209,0.085272
0.8218218218218218,0.085272
0.8228228228228228,0.085272
0.8238238238238238,0.085272
0.8248248248248248,0.0852095156065155
0.8258258258258259,0.08520320993720994
0.8268268268268268,0.0851765
0.8278278278278278,0.0850815
0.8288288288288288,0.0850815
0.8298298298298298,0.0850815
0.8308308308308309,0.0849566880789881
0.8318318318318318,0.08489938981708986
0.8328328328328328,0.08494081415674928
0.8338338338338338,0.084891
0.8348348348348348,0.084891
0.8358358358358359,0.084891
0.8368368368368369,0.084891
0.8378378378378378,0.0847955
0.8388388388388388,0.0847
0.8398398398398398,0.0847
0.8408408408408409,0.08468638544908547
0.8418418418418419,0.08451046174356186
0.8428428428428428,0.084509
0.8438438438438438,0.084509
0.8448448448448448,0.084509
0.8458458458458459,0.0844173096615134
0.8468468468468469,0.08444448861588859
0.8478478478478478,0.0844135
0.8488488488488488,0.08431849999999999
0.8498498498498498,0.0842235
0.8508508508508509,0.0842235
0.8518518518518519,0.0842235
0.8528528528528528,0.08407963731913737
0.8538538538538538,0.08403250000000001
0.8548548548548548,0.08403250000000001
0.8558558558558559,0.08399404971334973
0.8568568568568569,0.08394394545454546
0.8578578578578578,0.0838415
0.8588588588588588,0.0838415
0.8598598598598598,0.0838415
0.8608608608608609,0.0836505
0.8618618618618619,0.08357646587496591
0.8628628628628628,0.0835555
0.8638638638638638,0.0835555
0.8648648648648649,0.0835555
0.8658658658658659,0.08336450000000001
0.8668668668668669,0.08336450000000001
0.8678678678678678,0.08326579784329777
0.8688688688688688,0.083174
0.8698698698698699,0.083174
0.8708708708708709,0.0831689228117005
0.8718718718718719,0.082983
0.8728728728728729,0.082983
0.8738738738738738,0.0828875
0.8748748748748749,0.082792
0.8758758758758759,0.082792
0.8768768768768769,0.082697
0.8778778778778779,0.082697
0.8788788788788788,0.082506
0.8798798798798799,0.082506
0.8808808808808809,0.08247684211484205
0.8818818818818819,0.0823155
0.8828828828828829,0.08226046880213547
0.8838838838838838,0.08222
0.8848848848848849,0.0821245
0.8858858858858859,0.0821245
0.8868868868868869,0.0820295
0.8878878878878879,0.08183850000000001
0.8888888888888888,0.08183850000000001
0.8898898898898899,0.08174300000000001
0.8908908908908909,0.0816475
0.8918918918918919,0.08151662462462456
0.8928928928928929,0.081457
0.8938938938938938,0.08136199999999999
0.8948948948948949,0.08126649999999999
0.8958958958958959,0.0810755
0.8968968968968969,0.0810755
0.8978978978978979,0.0808845
0.8988988988988988,0.08072900732213689
0.8998998998998999,0.08063513744653739
0.9009009009009009,0.0804098984438984
0.9019019019019019,0.08040800000000001
0.9029029029029029,0.0802845495859495
0.9039039039039038,0.080217
0.9049049049049049,0.080026
0.9059059059059059,0.079835
0.9069069069069069,0.07972433044155267
0.9079079079079079,0.079645
0.9089089089089089,0.079454
0.9099099099099099,0.0793585
0.9109109109109109,0.079263
0.9119119119119119,0.079072
0.9129129129129129,0.07888200000000001
0.9139139139139139,0.07876189298557836
0.914914914914915,0.0785955
0.9159159159159159,0.0784045
0.9169169169169169,0.078214
0.9179179179179179,0.0780235
0.9189189189189189,0.0778325
0.91991991991992,0.0776415
0.9209209209209209,0.0774505
0.9219219219219219,0.07722449154710256
0.9229229229229229,0.0770695
0.9239239239239239,0.07678299999999999
0.924924924924925,0.07659250000000001
0.9259259259259259,0.0763065
0.9269269269269269,0.0761155
0.9279279279279279,0.0759245
0.9289289289289289,0.07571675976885994
0.92992992992993,0.07544799999999999
0.9309309309309309,0.07516149999999999
0.9319319319319319,0.07487550000000001
0.9329329329329329,0.074494
0.933933933933934,0.07430300000000001
0.934934934934935,0.0739215
0.9359359359359359,0.07363549999999999
0.9369369369369369,0.07334950000000001
0.9379379379379379,0.07302019867139876
0.938938938938939,0.07277700000000001
0.93993993993994,0.0723955
0.9409409409409409,0.072014
0.9419419419419419,0.07154578262808262
0.9429429429429429,0.0712245731286843
0.943943943943944,0.07080882460642456
0.944944944944945,0.07035265923195921
0.9459459459459459,0.06993328078078082
0.9469469469469469,0.069534
0.9479479479479479,0.0691525
0.948948948948949,0.06867367499317513
0.94994994994995,0.0680671232687233
0.950950950950951,0.0676265
0.9519519519519519,0.0671495
0.9529529529529529,0.06661980499017539
0.953953953953954,0.0661005
0.954954954954955,0.06543326882033544
0.955955955955956,0.064765
0.9569569569569569,0.0641925
0.9579579579579579,0.0636205
0.958958958958959,0.0629525
0.95995995995996,0.06225555134225132
0.960960960960961,0.061522
0.9619619619619619,0.0608458842296842
0.9629629629629629,0.06014082441700977
0.963963963963964,0.05924013780447116
0.964964964964965,0.0583745
0.965965965965966,0.057644550004549974
0.9669669669669669,0.0568485
0.9679679679679679,0.055911204187689634
0.968968968968969,0.055036
0.96996996996997,0.054082000000000005
0.970970970970971,0.053127999999999995
0.9719719719719719,0.052079
0.9729729729729729,0.051125500000000004
0.973973973973974,0.050022217917917895
0.974974974974975,0.0489315
0.975975975975976,0.0478544051324052
0.9769769769769769,0.046642
0.9779779779779779,0.04546216857598348
0.978978978978979,0.044353000000000004
0.97997997997998,0.04304184385294388
0.980980980980981,0.041777999999999996
0.9819819819819819,0.040498527124094054
0.9829829829829829,0.0392025
0.983983983983984,0.03784757462091714
0.984984984984985,0.03652141544322108
0.985985985985986,0.035053024654284
0.986986986986987,0.03368044077714086
0.9879879879879879,0.03224342683794931
0.988988988988989,0.0308085
0.98998998998999,0.029282500000000003
0.990990990990991,0.027852
0.991991991991992,0.026243904813904866
0.992992992992993,0.024895
0.993993993993994,0.0232875846401958
0.994994994994995,0.021934471814407025
0.995995995995996,0.020275831155229334
0.996996996996997,0.0188855
0.997997997997998,0.0172645
0.998998998998999,0.01548914065917769
1.0,0.010969
